fecha,usd_clp
2018-01-02,614.75
2018-01-03,609.49
2018-01-04,604.84
2018-01-05,604.0
2018-01-08,606.04
2018-01-09,606.29
2018-01-10,607.25
2018-01-11,609.17
2018-01-12,608.04
2018-01-15,604.09
2018-01-16,601.69
2018-01-17,601.69
2018-01-18,604.99
2018-01-19,605.45
2018-01-22,606.55
2018-01-23,606.28
2018-01-24,608.15
2018-01-25,604.12
2018-01-26,599.33
2018-01-29,600.37
2018-01-30,604.63
2018-01-31,604.42
2018-02-01,603.25
2018-02-02,599.19
2018-02-05,601.26
2018-02-06,603.07
2018-02-07,601.23
2018-02-08,596.53
2018-02-09,600.74
2018-02-12,603.07
2018-02-13,600.35
2018-02-14,596.99
2018-02-15,596.66
2018-02-16,592.66
2018-02-19,593.15
2018-02-20,594.58
2018-02-21,595.63
2018-02-22,594.7
2018-02-23,594.73
2018-02-26,591.56
2018-02-27,588.28
2018-02-28,589.15
2018-03-01,593.61
2018-03-02,596.15
2018-03-05,598.04
2018-03-06,600.51
2018-03-07,595.93
2018-03-08,601.91
2018-03-09,605.22
2018-03-12,603.56
2018-03-13,603.85
2018-03-14,602.19
2018-03-15,601.16
2018-03-16,603.54
2018-03-19,607.6
2018-03-20,609.39
2018-03-21,609.58
2018-03-22,607.23
2018-03-23,607.76
2018-03-26,608.14
2018-03-27,606.07
2018-03-28,605.65
2018-03-29,605.26
2018-04-02,603.39
2018-04-03,604.06
2018-04-04,603.66
2018-04-05,604.81
2018-04-06,602.71
2018-04-09,605.17
2018-04-10,604.54
2018-04-11,601.99
2018-04-12,599.2
2018-04-13,596.96
2018-04-16,595.45
2018-04-17,595.99
2018-04-18,595.82
2018-04-19,594.41
2018-04-20,594.42
2018-04-23,596.26
2018-04-24,600.58
2018-04-25,599.87
2018-04-26,603.16
2018-04-27,603.31
2018-04-30,605.74
2018-05-02,610.98
2018-05-03,617.69
2018-05-04,619.18
2018-05-07,621.36
2018-05-08,627.08
2018-05-09,636.0
2018-05-10,632.92
2018-05-11,626.82
2018-05-14,618.5
2018-05-15,622.94
2018-05-16,632.73
2018-05-17,630.89
2018-05-18,632.36
2018-05-22,637.03
2018-05-23,627.17
2018-05-24,625.01
2018-05-25,624.31
2018-05-28,625.29
2018-05-29,624.39
2018-05-30,627.52
2018-05-31,628.33
2018-06-01,631.29
2018-06-04,631.86
2018-06-05,630.38
2018-06-06,633.92
2018-06-07,629.21
2018-06-08,630.63
2018-06-11,630.45
2018-06-12,632.81
2018-06-13,634.17
2018-06-14,634.57
2018-06-15,633.99
2018-06-18,636.35
2018-06-19,637.35
2018-06-20,641.51
2018-06-21,639.03
2018-06-22,640.69
2018-06-25,637.45
2018-06-26,639.38
2018-06-27,640.21
2018-06-28,645.87
2018-06-29,647.95
2018-07-03,651.21
2018-07-04,652.05
2018-07-05,653.2
2018-07-06,655.29
2018-07-09,657.33
2018-07-10,651.74
2018-07-11,650.43
2018-07-12,652.37
2018-07-13,648.05
2018-07-17,648.59
2018-07-18,653.89
2018-07-19,655.52
2018-07-20,661.71
2018-07-23,659.09
2018-07-24,662.43
2018-07-25,655.72
2018-07-26,649.14
2018-07-27,648.4
2018-07-30,643.19
2018-07-31,638.79
2018-08-01,639.2
2018-08-02,641.05
2018-08-03,644.32
2018-08-06,643.83
2018-08-07,646.78
2018-08-08,642.11
2018-08-09,644.1
2018-08-10,645.95
2018-08-13,653.98
2018-08-14,658.7
2018-08-16,661.75
2018-08-17,666.13
2018-08-20,668.44
2018-08-21,669.82
2018-08-22,665.02
2018-08-23,660.67
2018-08-24,665.58
2018-08-27,662.64
2018-08-28,656.81
2018-08-29,658.45
2018-08-30,666.81
2018-08-31,675.38
2018-09-03,680.48
2018-09-04,684.13
2018-09-05,693.13
2018-09-06,691.05
2018-09-07,684.97
2018-09-10,688.44
2018-09-11,692.62
2018-09-12,698.43
2018-09-13,691.06
2018-09-14,682.79
2018-09-20,684.86
2018-09-21,673.74
2018-09-24,666.44
2018-09-25,667.17
2018-09-26,670.84
2018-09-27,663.9
2018-09-28,661.5
2018-10-01,660.42
2018-10-02,656.25
2018-10-03,658.91
2018-10-04,659.3
2018-10-05,670.4
2018-10-08,672.6
2018-10-09,680.67
2018-10-10,683.49
2018-10-11,683.57
2018-10-12,683.7
2018-10-16,678.21
2018-10-17,670.45
2018-10-18,670.08
2018-10-19,674.68
2018-10-22,676.89
2018-10-23,680.21
2018-10-24,685.09
2018-10-25,686.88
2018-10-26,687.48
2018-10-29,690.01
2018-10-30,687.9
2018-10-31,693.31
2018-11-05,698.56
2018-11-06,682.78
2018-11-07,680.03
2018-11-08,676.13
2018-11-09,675.94
2018-11-12,681.41
2018-11-13,685.46
2018-11-14,688.76
2018-11-15,687.0
2018-11-16,678.49
2018-11-19,672.41
2018-11-20,670.05
2018-11-21,671.35
2018-11-22,669.45
2018-11-23,667.46
2018-11-26,673.31
2018-11-27,675.89
2018-11-28,675.97
2018-11-29,672.36
2018-11-30,669.43
2018-12-03,671.09
2018-12-04,666.49
2018-12-05,669.02
2018-12-06,671.79
2018-12-07,677.78
2018-12-10,674.04
2018-12-11,677.0
2018-12-12,679.9
2018-12-13,678.77
2018-12-14,681.17
2018-12-17,686.44
2018-12-18,685.13
2018-12-19,688.53
2018-12-20,688.46
2018-12-21,688.11
2018-12-24,691.87
2018-12-26,692.69
2018-12-27,693.78
2018-12-28,695.69
2019-01-02,694.77
2019-01-03,697.09
2019-01-04,697.64
2019-01-07,688.42
2019-01-08,679.69
2019-01-09,680.1
2019-01-10,678.09
2019-01-11,677.58
2019-01-14,675.15
2019-01-15,674.95
2019-01-16,673.76
2019-01-17,672.73
2019-01-18,671.37
2019-01-21,670.1
2019-01-22,672.42
2019-01-23,672.26
2019-01-24,672.41
2019-01-25,672.14
2019-01-28,667.04
2019-01-29,671.29
2019-01-30,669.6
2019-01-31,666.76
2019-02-01,657.81
2019-02-04,655.39
2019-02-05,653.8
2019-02-06,652.78
2019-02-07,653.9
2019-02-08,654.44
2019-02-11,656.46
2019-02-12,660.82
2019-02-13,660.49
2019-02-14,661.6
2019-02-15,665.9
2019-02-18,663.98
2019-02-19,660.82
2019-02-20,658.75
2019-02-21,654.52
2019-02-22,654.33
2019-02-25,651.36
2019-02-26,649.22
2019-02-27,649.8
2019-02-28,649.92
2019-03-01,651.79
2019-03-04,656.57
2019-03-05,659.07
2019-03-06,657.49
2019-03-07,658.4
2019-03-08,662.19
2019-03-11,670.83
2019-03-12,669.37
2019-03-13,667.09
2019-03-14,665.68
2019-03-15,670.62
2019-03-18,669.39
2019-03-19,667.21
2019-03-20,664.78
2019-03-21,666.13
2019-03-22,665.12
2019-03-25,676.6
2019-03-26,679.08
2019-03-27,679.02
2019-03-28,683.73
2019-03-29,681.09
2019-04-01,678.53
2019-04-02,672.56
2019-04-03,670.05
2019-04-04,667.55
2019-04-05,666.32
2019-04-08,664.17
2019-04-09,663.01
2019-04-10,663.15
2019-04-11,662.92
2019-04-12,664.19
2019-04-15,660.67
2019-04-16,662.86
2019-04-17,663.98
2019-04-18,660.48
2019-04-22,662.27
2019-04-23,663.91
2019-04-24,668.19
2019-04-25,672.83
2019-04-26,676.21
2019-04-29,673.86
2019-04-30,677.67
2019-05-02,678.71
2019-05-03,683.31
2019-05-06,678.68
2019-05-07,681.09
2019-05-08,683.49
2019-05-09,684.51
2019-05-10,686.43
2019-05-13,685.67
2019-05-14,693.04
2019-05-15,692.33
2019-05-16,692.62
2019-05-17,692.79
2019-05-20,696.61
2019-05-22,697.23
2019-05-23,696.7
2019-05-24,698.03
2019-05-27,694.84
2019-05-28,696.46
2019-05-29,703.48
2019-05-30,708.2
2019-05-31,707.86
2019-06-03,709.8
2019-06-04,704.59
2019-06-05,696.78
2019-06-06,693.25
2019-06-07,692.21
2019-06-10,692.28
2019-06-11,697.34
2019-06-12,693.6
2019-06-13,694.89
2019-06-14,696.25
2019-06-17,698.72
2019-06-18,699.52
2019-06-19,696.81
2019-06-20,693.99
2019-06-21,684.19
2019-06-24,683.41
2019-06-25,682.31
2019-06-26,678.32
2019-06-27,680.06
2019-06-28,679.86
2019-07-01,679.15
2019-07-02,677.62
2019-07-03,681.3
2019-07-04,680.48
2019-07-05,677.64
2019-07-08,683.12
2019-07-09,685.83
2019-07-10,688.88
2019-07-11,685.4
2019-07-12,683.38
2019-07-15,681.07
2019-07-17,679.48
2019-07-18,681.69
2019-07-19,683.27
2019-07-22,685.81
2019-07-23,688.28
2019-07-24,691.57
2019-07-25,691.36
2019-07-26,694.16
2019-07-29,696.62
2019-07-30,697.22
2019-07-31,699.98
2019-08-01,700.82
2019-08-02,704.88
2019-08-05,711.13
2019-08-06,721.7
2019-08-07,716.35
2019-08-08,718.55
2019-08-09,710.98
2019-08-12,712.04
2019-08-13,716.69
2019-08-14,708.37
2019-08-16,710.14
2019-08-19,709.26
2019-08-20,711.94
2019-08-21,710.63
2019-08-22,709.52
2019-08-23,713.22
2019-08-26,716.4
2019-08-27,718.75
2019-08-28,721.55
2019-08-29,724.2
2019-08-30,720.65
2019-09-02,720.2
2019-09-03,724.72
2019-09-04,725.69
2019-09-05,723.3
2019-09-06,717.52
2019-09-09,711.22
2019-09-10,713.72
2019-09-11,714.77
2019-09-12,714.39
2019-09-13,711.29
2019-09-16,707.07
2019-09-17,709.81
2019-09-23,715.24
2019-09-24,722.17
2019-09-25,721.92
2019-09-26,727.08
2019-09-27,726.17
2019-09-30,725.68
2019-10-01,728.21
2019-10-02,729.38
2019-10-03,727.8
2019-10-04,719.53
2019-10-07,715.53
2019-10-08,717.05
2019-10-09,722.28
2019-10-10,724.27
2019-10-11,720.61
2019-10-14,712.98
2019-10-15,712.04
2019-10-16,715.48
2019-10-17,718.69
2019-10-18,713.23
2019-10-21,709.71
2019-10-22,723.52
2019-10-23,726.24
2019-10-24,726.15
2019-10-25,723.43
2019-10-28,725.87
2019-10-29,724.37
2019-10-30,726.34
2019-11-04,735.05
2019-11-05,736.66
2019-11-06,745.85
2019-11-07,743.65
2019-11-08,740.23
2019-11-11,746.23
2019-11-12,756.08
2019-11-13,783.72
2019-11-14,794.51
2019-11-15,801.83
2019-11-18,782.82
2019-11-19,773.81
2019-11-20,782.71
2019-11-21,797.17
2019-11-22,795.14
2019-11-25,795.94
2019-11-26,791.16
2019-11-27,793.49
2019-11-28,806.3
2019-11-29,828.25
2019-12-02,812.13
2019-12-03,804.29
2019-12-04,802.44
2019-12-05,796.75
2019-12-06,784.25
2019-12-09,779.04
2019-12-10,771.29
2019-12-11,778.14
2019-12-12,772.93
2019-12-13,768.69
2019-12-16,766.76
2019-12-17,762.83
2019-12-18,756.95
2019-12-19,752.3
2019-12-20,752.6
2019-12-23,749.83
2019-12-24,754.27
2019-12-26,751.04
2019-12-27,746.66
2019-12-30,744.62
2020-01-02,748.74
2020-01-03,754.16
2020-01-06,758.49
2020-01-07,771.82
2020-01-08,773.12
2020-01-09,766.83
2020-01-10,764.69
2020-01-13,770.56
2020-01-14,777.66
2020-01-15,772.29
2020-01-16,772.01
2020-01-17,773.36
2020-01-20,771.38
2020-01-21,769.93
2020-01-22,770.5
2020-01-23,772.12
2020-01-24,771.94
2020-01-27,776.52
2020-01-28,787.86
2020-01-29,788.13
2020-01-30,788.18
2020-01-31,797.96
2020-02-03,799.11
2020-02-04,790.92
2020-02-05,781.78
2020-02-06,776.99
2020-02-07,779.12
2020-02-10,788.8
2020-02-11,795.88
2020-02-12,792.48
2020-02-13,788.33
2020-02-14,795.12
2020-02-17,792.73
2020-02-18,791.95
2020-02-19,796.9
2020-02-20,797.4
2020-02-21,804.74
2020-02-24,809.82
2020-02-25,810.2
2020-02-26,807.96
2020-02-27,811.1
2020-02-28,816.26
2020-03-02,818.32
2020-03-03,817.45
2020-03-04,809.81
2020-03-05,812.19
2020-03-06,823.28
2020-03-09,828.95
2020-03-10,841.06
2020-03-11,834.22
2020-03-12,835.48
2020-03-13,852.06
2020-03-16,836.66
2020-03-17,850.51
2020-03-18,855.09
2020-03-19,862.69
2020-03-20,867.83
2020-03-23,851.01
2020-03-24,861.07
2020-03-25,847.04
2020-03-26,843.96
2020-03-27,836.05
2020-03-30,835.23
2020-03-31,846.3
2020-04-01,852.03
2020-04-02,863.81
2020-04-03,861.89
2020-04-06,863.99
2020-04-07,853.91
2020-04-08,842.05
2020-04-09,851.9
2020-04-13,839.49
2020-04-14,844.57
2020-04-15,848.63
2020-04-16,859.31
2020-04-17,852.52
2020-04-20,849.45
2020-04-21,856.23
2020-04-22,862.06
2020-04-23,856.51
2020-04-24,858.87
2020-04-27,859.95
2020-04-28,856.76
2020-04-29,850.41
2020-04-30,836.62
2020-05-04,837.92
2020-05-05,838.74
2020-05-06,832.84
2020-05-07,839.08
2020-05-08,836.27
2020-05-11,827.65
2020-05-12,826.05
2020-05-13,821.88
2020-05-14,820.38
2020-05-15,822.93
2020-05-18,823.86
2020-05-19,820.65
2020-05-20,819.08
2020-05-22,806.17
2020-05-25,805.75
2020-05-26,803.74
2020-05-27,802.1
2020-05-28,816.47
2020-05-29,812.74
2020-06-01,806.32
2020-06-02,796.46
2020-06-03,782.86
2020-06-04,769.13
2020-06-05,775.58
2020-06-08,764.97
2020-06-09,769.26
2020-06-10,771.96
2020-06-11,767.93
2020-06-12,784.65
2020-06-15,790.73
2020-06-16,796.87
2020-06-17,779.1
2020-06-18,798.53
2020-06-19,812.19
2020-06-22,817.33
2020-06-23,816.02
2020-06-24,817.9
2020-06-25,820.68
2020-06-26,813.25
2020-06-30,816.36
2020-07-01,821.23
2020-07-02,816.29
2020-07-03,803.98
2020-07-06,801.46
2020-07-07,798.79
2020-07-08,793.88
2020-07-09,786.18
2020-07-10,781.74
2020-07-13,790.82
2020-07-14,788.22
2020-07-15,787.87
2020-07-17,787.5
2020-07-20,787.26
2020-07-21,786.04
2020-07-22,777.66
2020-07-23,769.06
2020-07-24,767.17
2020-07-27,768.63
2020-07-28,768.81
2020-07-29,767.82
2020-07-30,759.18
2020-07-31,754.45
2020-08-03,757.06
2020-08-04,761.34
2020-08-05,767.98
2020-08-06,774.82
2020-08-07,777.18
2020-08-10,784.28
2020-08-11,796.58
2020-08-12,793.61
2020-08-13,792.69
2020-08-14,793.32
2020-08-17,796.73
2020-08-18,803.4
2020-08-19,796.23
2020-08-20,784.25
2020-08-21,785.84
2020-08-24,790.88
2020-08-25,786.17
2020-08-26,784.44
2020-08-27,786.91
2020-08-28,784.27
2020-08-31,779.92
2020-09-01,776.46
2020-09-02,770.59
2020-09-03,771.45
2020-09-04,773.71
2020-09-07,773.76
2020-09-08,773.24
2020-09-09,776.65
2020-09-10,767.87
2020-09-11,764.99
2020-09-14,768.34
2020-09-15,767.01
2020-09-16,760.01
2020-09-17,761.54
2020-09-21,764.34
2020-09-22,772.83
2020-09-23,773.4
2020-09-24,781.44
2020-09-25,788.02
2020-09-28,787.15
2020-09-29,784.19
2020-09-30,784.46
2020-10-01,788.15
2020-10-02,785.04
2020-10-05,790.81
2020-10-06,794.34
2020-10-07,797.35
2020-10-08,795.05
2020-10-09,797.25
2020-10-13,796.05
2020-10-14,797.66
2020-10-15,798.56
2020-10-16,801.91
2020-10-19,795.68
2020-10-20,788.27
2020-10-21,786.66
2020-10-22,784.07
2020-10-23,781.41
2020-10-26,777.72
2020-10-27,779.57
2020-10-28,772.05
2020-10-29,775.56
2020-10-30,770.45
2020-11-02,771.92
2020-11-03,769.17
2020-11-04,758.53
2020-11-05,757.16
2020-11-06,752.01
2020-11-09,759.25
2020-11-10,753.75
2020-11-11,760.9
2020-11-12,757.42
2020-11-13,757.43
2020-11-16,766.7
2020-11-17,767.86
2020-11-18,767.05
2020-11-19,758.1
2020-11-20,758.62
2020-11-23,761.55
2020-11-24,765.96
2020-11-25,772.83
2020-11-26,771.68
2020-11-27,766.0
2020-11-30,766.69
2020-12-01,767.29
2020-12-02,760.16
2020-12-03,755.34
2020-12-04,752.03
2020-12-07,747.61
2020-12-09,744.82
2020-12-10,739.45
2020-12-11,738.17
2020-12-14,733.55
2020-12-15,731.58
2020-12-16,734.23
2020-12-17,735.09
2020-12-18,723.44
2020-12-21,723.85
2020-12-22,730.7
2020-12-23,728.96
2020-12-24,716.25
2020-12-28,710.26
2020-12-29,710.64
2020-12-30,711.24
2021-01-04,710.95
2021-01-05,702.93
2021-01-06,702.29
2021-01-07,696.18
2021-01-08,709.99
2021-01-11,713.28
2021-01-12,718.89
2021-01-13,725.24
2021-01-14,739.72
2021-01-15,735.35
2021-01-18,735.06
2021-01-19,736.11
2021-01-20,733.73
2021-01-21,730.38
2021-01-22,715.56
2021-01-25,724.26
2021-01-26,731.92
2021-01-27,731.0
2021-01-28,736.88
2021-01-29,741.4
2021-02-01,734.62
2021-02-02,731.66
2021-02-03,734.86
2021-02-04,730.53
2021-02-05,737.23
2021-02-08,736.65
2021-02-09,735.07
2021-02-10,733.13
2021-02-11,728.9
2021-02-12,722.52
2021-02-15,724.39
2021-02-16,718.45
2021-02-17,717.38
2021-02-18,719.78
2021-02-19,712.14
2021-02-22,707.12
2021-02-23,709.65
2021-02-24,706.76
2021-02-25,703.65
2021-02-26,708.04
2021-03-01,719.91
2021-03-02,721.2
2021-03-03,726.74
2021-03-04,731.3
2021-03-05,729.15
2021-03-08,733.11
2021-03-09,738.46
2021-03-10,733.42
2021-03-11,728.89
2021-03-12,718.4
2021-03-15,718.37
2021-03-16,721.49
2021-03-17,723.47
2021-03-18,730.93
2021-03-19,724.59
2021-03-22,717.96
2021-03-23,716.46
2021-03-24,720.62
2021-03-25,723.35
2021-03-26,730.82
2021-03-29,729.5
2021-03-30,736.17
2021-03-31,732.11
2021-04-01,721.82
2021-04-05,717.12
2021-04-06,717.9
2021-04-07,718.17
2021-04-08,714.21
2021-04-09,708.09
2021-04-12,711.23
2021-04-13,709.51
2021-04-14,708.71
2021-04-15,707.25
2021-04-16,701.98
2021-04-19,701.55
2021-04-20,700.96
2021-04-21,697.19
2021-04-22,696.8
2021-04-23,705.41
2021-04-26,712.54
2021-04-27,707.05
2021-04-28,702.02
2021-04-29,700.15
2021-04-30,705.09
2021-05-03,711.06
2021-05-04,706.29
2021-05-05,705.25
2021-05-06,703.09
2021-05-07,701.27
2021-05-10,694.47
2021-05-11,693.74
2021-05-12,700.04
2021-05-13,707.19
2021-05-14,708.64
2021-05-17,703.17
2021-05-18,715.62
2021-05-19,713.63
2021-05-20,715.31
2021-05-24,716.41
2021-05-25,727.09
2021-05-26,734.75
2021-05-27,732.82
2021-05-28,730.43
2021-05-31,724.92
2021-06-01,722.11
2021-06-02,721.52
2021-06-03,720.44
2021-06-04,719.93
2021-06-07,717.12
2021-06-08,716.06
2021-06-09,717.82
2021-06-10,718.98
2021-06-11,720.77
2021-06-14,720.28
2021-06-15,719.17
2021-06-16,725.11
2021-06-17,726.62
2021-06-18,735.69
2021-06-22,746.17
2021-06-23,749.34
2021-06-24,735.13
2021-06-25,731.1
2021-06-29,732.25
2021-06-30,735.28
2021-07-01,727.76
2021-07-02,737.79
2021-07-05,735.06
2021-07-06,734.66
2021-07-07,743.25
2021-07-08,751.36
2021-07-09,753.67
2021-07-12,748.7
2021-07-13,744.1
2021-07-14,746.56
2021-07-15,747.93
2021-07-19,754.17
2021-07-20,759.71
2021-07-21,758.85
2021-07-22,755.37
2021-07-23,750.81
2021-07-26,758.44
2021-07-27,764.21
2021-07-28,761.03
2021-07-29,767.29
2021-07-30,758.53
2021-08-02,760.2
2021-08-03,761.39
2021-08-04,774.54
2021-08-05,775.54
2021-08-06,776.69
2021-08-09,784.5
2021-08-10,787.4
2021-08-11,780.08
2021-08-12,773.01
2021-08-13,772.78
2021-08-16,774.25
2021-08-17,784.18
2021-08-18,789.62
2021-08-19,787.71
2021-08-20,789.98
2021-08-23,786.43
2021-08-24,783.3
2021-08-25,782.17
2021-08-26,783.03
2021-08-27,785.06
2021-08-30,784.39
2021-08-31,779.97
2021-09-01,775.14
2021-09-02,767.1
2021-09-03,768.36
2021-09-06,766.53
2021-09-07,770.33
2021-09-08,777.94
2021-09-09,787.51
2021-09-10,791.28
2021-09-13,789.91
2021-09-14,784.26
2021-09-15,783.25
2021-09-16,781.85
2021-09-20,780.59
2021-09-21,788.05
2021-09-22,785.1
2021-09-23,785.03
2021-09-24,787.24
2021-09-27,788.98
2021-09-28,795.48
2021-09-29,798.63
2021-09-30,803.59
2021-10-01,811.9
2021-10-04,803.9
2021-10-05,805.89
2021-10-06,810.63
2021-10-07,816.28
2021-10-08,813.62
2021-10-12,820.18
2021-10-13,827.56
2021-10-14,820.19
2021-10-15,816.81
2021-10-18,826.19
2021-10-19,820.29
2021-10-20,813.33
2021-10-21,811.55
2021-10-22,817.61
2021-10-25,816.58
2021-10-26,810.16
2021-10-27,806.55
2021-10-28,804.32
2021-10-29,805.47
2021-11-02,810.91
2021-11-03,814.42
2021-11-04,815.52
2021-11-05,815.58
2021-11-08,812.4
2021-11-09,806.61
2021-11-10,797.78
2021-11-11,791.71
2021-11-12,791.3
2021-11-15,797.8
2021-11-16,801.96
2021-11-17,806.24
2021-11-18,819.56
2021-11-19,834.57
2021-11-22,832.72
2021-11-23,808.14
2021-11-24,809.94
2021-11-25,811.7
2021-11-26,819.59
2021-11-29,829.94
2021-11-30,836.73
2021-12-01,837.55
2021-12-02,828.17
2021-12-03,837.72
2021-12-06,837.69
2021-12-07,842.32
2021-12-09,839.53
2021-12-10,841.32
2021-12-13,849.16
2021-12-14,843.43
2021-12-15,846.43
2021-12-16,848.52
2021-12-17,849.65
2021-12-20,846.64
2021-12-21,863.21
2021-12-22,868.76
2021-12-23,866.25
2021-12-24,857.14
2021-12-27,863.29
2021-12-28,858.59
2021-12-29,855.94
2021-12-30,850.25
2022-01-03,844.69
2022-01-04,851.43
2022-01-05,852.03
2022-01-06,841.63
2022-01-07,838.88
2022-01-10,831.59
2022-01-11,831.39
2022-01-12,832.6
2022-01-13,826.51
2022-01-14,821.87
2022-01-17,815.39
2022-01-18,822.0
2022-01-19,820.6
2022-01-20,813.46
2022-01-21,805.25
2022-01-24,799.23
2022-01-25,800.31
2022-01-26,806.06
2022-01-27,798.86
2022-01-28,799.15
2022-01-31,810.12
2022-02-01,803.88
2022-02-02,801.52
2022-02-03,805.95
2022-02-04,817.29
2022-02-07,825.58
2022-02-08,826.93
2022-02-09,824.33
2022-02-10,820.79
2022-02-11,804.2
2022-02-14,806.24
2022-02-15,812.24
2022-02-16,804.17
2022-02-17,799.55
2022-02-18,798.98
2022-02-21,793.91
2022-02-22,799.99
2022-02-23,796.25
2022-02-24,787.05
2022-02-25,807.26
2022-02-28,805.25
2022-03-01,798.01
2022-03-02,803.27
2022-03-03,807.31
2022-03-04,800.97
2022-03-07,806.89
2022-03-08,808.6
2022-03-09,812.03
2022-03-10,803.57
2022-03-11,806.03
2022-03-14,802.48
2022-03-15,808.41
2022-03-16,815.03
2022-03-17,803.55
2022-03-18,798.13
2022-03-21,802.23
2022-03-22,798.5
2022-03-23,793.22
2022-03-24,794.44
2022-03-25,789.87
2022-03-28,785.89
2022-03-29,778.62
2022-03-30,777.1
2022-03-31,787.16
2022-04-01,787.98
2022-04-04,783.45
2022-04-05,779.33
2022-04-06,783.28
2022-04-07,794.58
2022-04-08,807.88
2022-04-11,814.28
2022-04-12,818.53
2022-04-13,806.73
2022-04-14,804.78
2022-04-18,814.73
2022-04-19,817.7
2022-04-20,818.18
2022-04-21,816.29
2022-04-22,817.85
2022-04-25,834.45
2022-04-26,850.85
2022-04-27,847.57
2022-04-28,847.44
2022-04-29,856.58
2022-05-02,850.78
2022-05-03,860.64
2022-05-04,856.74
2022-05-05,859.33
2022-05-06,863.1
2022-05-09,857.58
2022-05-10,867.87
2022-05-11,868.06
2022-05-12,861.76
2022-05-13,867.93
2022-05-16,861.04
2022-05-17,857.98
2022-05-18,850.78
2022-05-19,849.9
2022-05-20,842.38
2022-05-23,833.58
2022-05-24,829.59
2022-05-25,833.99
2022-05-26,835.43
2022-05-27,829.61
2022-05-30,822.25
2022-05-31,826.26
2022-06-01,824.35
2022-06-02,825.28
2022-06-03,815.56
2022-06-06,813.38
2022-06-07,817.99
2022-06-08,828.99
2022-06-09,821.66
2022-06-10,827.19
2022-06-13,838.61
2022-06-14,863.33
2022-06-15,866.79
2022-06-16,863.95
2022-06-17,869.62
2022-06-20,875.65
2022-06-22,880.82
2022-06-23,886.64
2022-06-24,898.8
2022-06-28,911.49
2022-06-29,905.32
2022-06-30,919.97
2022-07-01,932.08
2022-07-04,934.54
2022-07-05,927.53
2022-07-06,948.51
2022-07-07,972.66
2022-07-08,959.7
2022-07-11,966.74
2022-07-12,989.95
2022-07-13,1008.81
2022-07-14,1010.16
2022-07-15,1042.97
2022-07-18,988.22
2022-07-19,940.9
2022-07-20,929.83
2022-07-21,919.93
2022-07-22,927.49
2022-07-25,932.83
2022-07-26,941.03
2022-07-27,922.04
2022-07-28,920.49
2022-07-29,911.42
2022-08-01,905.1
2022-08-02,893.19
2022-08-03,897.22
2022-08-04,907.82
2022-08-05,903.91
2022-08-08,914.49
2022-08-09,906.03
2022-08-10,900.78
2022-08-11,889.38
2022-08-12,882.33
2022-08-16,882.72
2022-08-17,882.2
2022-08-18,895.76
2022-08-19,918.2
2022-08-22,945.35
2022-08-23,945.47
2022-08-24,926.94
2022-08-25,915.6
2022-08-26,910.03
2022-08-29,900.22
2022-08-30,890.9
2022-08-31,882.11
2022-09-01,898.04
2022-09-02,898.24
2022-09-05,885.52
2022-09-06,866.28
2022-09-07,888.51
2022-09-08,886.34
2022-09-09,881.04
2022-09-12,885.15
2022-09-13,898.69
2022-09-14,910.27
2022-09-15,917.11
2022-09-20,922.6
2022-09-21,928.25
2022-09-22,938.82
2022-09-23,943.07
2022-09-26,965.18
2022-09-27,987.07
2022-09-28,982.83
2022-09-29,971.14
2022-09-30,966.0
2022-10-03,960.24
2022-10-04,955.42
2022-10-05,931.12
2022-10-06,942.02
2022-10-07,943.92
2022-10-11,945.06
2022-10-12,933.88
2022-10-13,933.14
2022-10-14,944.75
2022-10-17,950.72
2022-10-18,967.73
2022-10-19,972.03
2022-10-20,978.06
2022-10-21,972.08
2022-10-24,978.49
2022-10-25,983.91
2022-10-26,971.12
2022-10-27,953.0
2022-10-28,945.31
2022-11-02,936.35
2022-11-03,937.79
2022-11-04,948.74
2022-11-07,932.37
2022-11-08,919.58
2022-11-09,907.35
2022-11-10,904.42
2022-11-11,893.54
2022-11-14,887.46
2022-11-15,898.72
2022-11-16,889.14
2022-11-17,895.68
2022-11-18,920.86
2022-11-21,929.3
2022-11-22,947.06
2022-11-23,935.29
2022-11-24,924.63
2022-11-25,911.96
2022-11-28,915.81
2022-11-29,916.36
2022-11-30,905.7
2022-12-01,894.82
2022-12-02,885.77
2022-12-05,881.87
2022-12-06,886.26
2022-12-07,884.74
2022-12-09,878.58
2022-12-12,861.51
2022-12-13,860.03
2022-12-14,858.07
2022-12-15,862.85
2022-12-16,875.56
2022-12-19,885.99
2022-12-20,888.27
2022-12-21,889.65
2022-12-22,879.48
2022-12-23,867.01
2022-12-26,876.22
2022-12-27,879.19
2022-12-28,876.75
2022-12-29,856.76
2022-12-30,859.51
2023-01-03,855.86
2023-01-04,852.14
2023-01-05,855.1
2023-01-06,856.31
2023-01-09,846.38
2023-01-10,837.19
2023-01-11,833.73
2023-01-12,825.67
2023-01-13,822.32
2023-01-16,824.33
2023-01-17,821.59
2023-01-18,820.89
2023-01-19,812.45
2023-01-20,828.74
2023-01-23,821.02
2023-01-24,814.11
2023-01-25,805.45
2023-01-26,803.68
2023-01-27,802.58
2023-01-30,803.14
2023-01-31,810.37
2023-02-01,804.28
2023-02-02,791.8
2023-02-03,781.49
2023-02-06,788.88
2023-02-07,804.79
2023-02-08,799.46
2023-02-09,793.19
2023-02-10,796.27
2023-02-13,800.78
2023-02-14,793.79
2023-02-15,789.49
2023-02-16,792.62
2023-02-17,794.35
2023-02-20,792.25
2023-02-21,791.7
2023-02-22,797.75
2023-02-23,799.42
2023-02-24,802.93
2023-02-27,818.67
2023-02-28,831.24
2023-03-01,829.97
2023-03-02,815.24
2023-03-03,814.56
2023-03-06,808.91
2023-03-07,803.0
2023-03-08,798.18
2023-03-09,802.88
2023-03-10,800.88
2023-03-13,797.19
2023-03-14,803.14
2023-03-15,800.71
2023-03-16,817.42
2023-03-17,824.65
2023-03-20,830.65
2023-03-21,826.35
2023-03-22,821.55
2023-03-23,818.76
2023-03-24,805.23
2023-03-27,811.48
2023-03-28,806.58
2023-03-29,799.76
2023-03-30,792.18
2023-03-31,789.32
2023-04-03,790.41
2023-04-04,801.28
2023-04-05,810.64
2023-04-06,810.22
2023-04-10,814.64
2023-04-11,821.49
2023-04-12,811.75
2023-04-13,802.89
2023-04-14,795.81
2023-04-17,797.28
2023-04-18,801.26
2023-04-19,795.23
2023-04-20,796.93
2023-04-21,791.64
2023-04-24,795.96
2023-04-25,814.75
2023-04-26,813.9
2023-04-27,805.21
2023-04-28,801.61
2023-05-02,803.3
2023-05-03,808.75
2023-05-04,806.03
2023-05-05,800.54
2023-05-08,795.46
2023-05-09,793.43
2023-05-10,792.46
2023-05-11,788.15
2023-05-12,796.38
2023-05-15,787.0
2023-05-16,783.35
2023-05-17,794.44
2023-05-18,797.24
2023-05-19,796.04
2023-05-22,797.0
2023-05-23,800.24
2023-05-24,801.71
2023-05-25,809.03
2023-05-26,809.24
2023-05-29,804.11
2023-05-30,802.14
2023-05-31,803.94
2023-06-01,811.61
2023-06-02,804.6
2023-06-05,797.97
2023-06-06,797.74
2023-06-07,797.79
2023-06-08,793.47
2023-06-09,790.75
2023-06-12,787.2
2023-06-13,806.84
2023-06-14,804.38
2023-06-15,800.12
2023-06-16,796.97
2023-06-19,793.35
2023-06-20,795.63
2023-06-22,801.9
2023-06-23,805.02
2023-06-27,808.21
2023-06-28,800.33
2023-06-29,800.89
2023-06-30,802.68
2023-07-03,801.66
2023-07-04,799.29
2023-07-05,796.47
2023-07-06,797.87
2023-07-07,804.49
2023-07-10,806.52
2023-07-11,811.98
2023-07-12,816.78
2023-07-13,811.24
2023-07-14,808.61
2023-07-17,813.44
2023-07-18,820.76
2023-07-19,815.58
2023-07-20,811.43
2023-07-21,807.62
2023-07-24,821.95
2023-07-25,827.1
2023-07-26,828.9
2023-07-27,825.8
2023-07-28,826.01
2023-07-31,827.84
2023-08-01,840.69
2023-08-02,843.02
2023-08-03,847.77
2023-08-04,853.99
2023-08-07,848.5
2023-08-08,856.1
2023-08-09,863.22
2023-08-10,858.68
2023-08-11,851.7
2023-08-14,853.3
2023-08-16,859.03
2023-08-17,859.87
2023-08-18,864.72
2023-08-21,867.95
2023-08-22,869.51
2023-08-23,866.97
2023-08-24,860.97
2023-08-25,854.77
2023-08-28,843.08
2023-08-29,848.86
2023-08-30,857.59
2023-08-31,854.22
2023-09-01,853.86
2023-09-04,850.57
2023-09-05,854.99
2023-09-06,869.67
2023-09-07,872.92
2023-09-08,879.77
2023-09-11,892.68
2023-09-12,890.81
2023-09-13,897.17
2023-09-14,888.34
2023-09-15,885.84
2023-09-20,887.89
2023-09-21,882.31
2023-09-22,891.73
2023-09-25,889.21
2023-09-26,900.14
2023-09-27,904.31
2023-09-28,904.62
2023-09-29,906.84
2023-10-02,895.6
2023-10-03,902.26
2023-10-04,914.3
2023-10-05,913.26
2023-10-06,917.34
2023-10-10,919.42
2023-10-11,927.07
2023-10-12,924.81
2023-10-13,933.45
2023-10-16,942.04
2023-10-17,942.8
2023-10-18,945.61
2023-10-19,937.21
2023-10-20,940.46
2023-10-23,942.42
2023-10-24,938.26
2023-10-25,929.05
2023-10-26,922.89
2023-10-30,928.41
2023-10-31,910.28
2023-11-02,899.44
2023-11-03,889.74
2023-11-06,881.3
2023-11-07,879.78
2023-11-08,886.28
2023-11-09,896.0
2023-11-10,902.89
2023-11-13,916.58
2023-11-14,921.65
2023-11-15,907.36
2023-11-16,890.18
2023-11-17,881.17
2023-11-20,884.36
2023-11-21,878.99
2023-11-22,873.7
2023-11-23,874.86
2023-11-24,871.37
2023-11-27,873.89
2023-11-28,872.03
2023-11-29,869.47
2023-11-30,867.86
2023-12-01,869.56
2023-12-04,862.86
2023-12-05,862.08
2023-12-06,874.25
2023-12-07,874.42
2023-12-11,868.01
2023-12-12,880.0
2023-12-13,880.62
2023-12-14,876.77
2023-12-15,866.37
2023-12-18,872.59
2023-12-19,875.48
2023-12-20,863.23
2023-12-21,868.77
2023-12-22,872.95
2023-12-26,883.99
2023-12-27,895.77
2023-12-28,886.34
2023-12-29,884.59
2024-01-02,877.12
2024-01-03,880.92
2024-01-04,884.39
2024-01-05,884.45
2024-01-08,893.07
2024-01-09,901.31
2024-01-10,914.71
2024-01-11,919.07
2024-01-12,911.37
2024-01-15,908.67
2024-01-16,912.02
2024-01-17,922.06
2024-01-18,926.77
2024-01-19,918.62
2024-01-22,910.73
2024-01-23,905.63
2024-01-24,908.87
2024-01-25,908.51
2024-01-26,910.97
2024-01-29,916.16
2024-01-30,927.63
2024-01-31,932.66
2024-02-01,932.26
2024-02-02,936.01
2024-02-05,943.84
2024-02-06,955.73
2024-02-07,949.81
2024-02-08,947.9
2024-02-09,957.86
2024-02-12,968.73
2024-02-13,972.22
2024-02-14,971.56
2024-02-15,959.86
2024-02-16,961.94
2024-02-19,969.04
2024-02-20,966.23
2024-02-21,963.68
2024-02-22,967.52
2024-02-23,972.77
2024-02-26,983.76
2024-02-27,986.85
2024-02-28,984.53
2024-02-29,980.19
2024-03-01,969.91
2024-03-04,966.41
2024-03-05,971.92
2024-03-06,976.36
2024-03-07,981.26
2024-03-08,983.8
2024-03-11,964.95
2024-03-12,966.29
2024-03-13,965.18
2024-03-14,948.88
2024-03-15,945.56
2024-03-18,941.42
2024-03-19,945.11
2024-03-20,962.06
2024-03-21,975.91
2024-03-22,971.54
2024-03-25,980.24
2024-03-26,977.76
2024-03-27,981.71
2024-03-28,982.38
2024-04-01,981.71
2024-04-02,982.59
2024-04-03,979.96
2024-04-04,962.83
2024-04-05,942.72
2024-04-08,948.92
2024-04-09,946.71
2024-04-10,940.61
2024-04-11,953.51
2024-04-12,957.03
2024-04-15,964.59
2024-04-16,978.07
2024-04-17,985.05
2024-04-18,974.97
2024-04-19,968.44
2024-04-22,956.32
2024-04-23,953.75
2024-04-24,950.77
2024-04-25,954.58
2024-04-26,948.61
2024-04-29,947.68
2024-04-30,943.62
2024-05-02,954.25
2024-05-03,954.36
2024-05-06,938.29
2024-05-07,930.17
2024-05-08,934.29
2024-05-09,936.76
2024-05-10,930.99
2024-05-13,922.0
2024-05-14,922.1
2024-05-15,916.87
2024-05-16,909.06
2024-05-17,901.53
2024-05-20,897.11
2024-05-22,886.79
2024-05-23,904.67
2024-05-24,908.95
2024-05-27,903.17
2024-05-28,900.28
2024-05-29,898.13
2024-05-30,907.67
2024-05-31,917.98
2024-06-03,916.77
2024-06-04,907.94
2024-06-05,905.37
2024-06-06,906.25
2024-06-07,910.45
2024-06-10,916.84
2024-06-11,923.24
2024-06-12,924.18
2024-06-13,914.86
2024-06-14,919.49
2024-06-17,928.47
2024-06-18,938.68
2024-06-19,934.91
2024-06-21,927.92
2024-06-24,937.34
2024-06-25,941.72
2024-06-26,942.31
2024-06-27,947.78
2024-06-28,951.02
2024-07-01,944.34
2024-07-02,943.89
2024-07-03,946.99
2024-07-04,939.57
2024-07-05,936.55
2024-07-08,933.51
2024-07-09,939.17
2024-07-10,932.31
2024-07-11,918.86
2024-07-12,908.92
2024-07-15,910.14
2024-07-17,910.79
2024-07-18,921.91
2024-07-19,940.15
2024-07-22,943.77
2024-07-23,949.1
2024-07-24,946.69
2024-07-25,948.79
2024-07-26,947.39
2024-07-29,950.29
2024-07-30,956.63
2024-07-31,956.58
2024-08-01,943.78
2024-08-02,938.94
2024-08-05,951.11
2024-08-06,957.57
2024-08-07,947.18
2024-08-08,943.96
2024-08-09,937.18
2024-08-12,932.62
2024-08-13,931.96
2024-08-14,932.28
2024-08-16,931.39
2024-08-19,933.84
2024-08-20,929.36
2024-08-21,922.58
2024-08-22,918.97
2024-08-23,919.94
2024-08-26,911.01
2024-08-27,907.35
2024-08-28,907.32
2024-08-29,912.08
2024-08-30,917.38
2024-09-02,913.99
2024-09-03,915.14
2024-09-04,926.22
2024-09-05,937.86
2024-09-06,941.54
2024-09-09,943.18
2024-09-10,946.22
2024-09-11,948.85
2024-09-12,943.44
2024-09-13,933.57
2024-09-16,925.61
2024-09-17,923.37
2024-09-23,927.15
2024-09-24,924.81
2024-09-25,911.51
2024-09-26,912.24
2024-09-27,900.91
2024-09-30,896.25
2024-10-01,897.68
2024-10-02,901.13
2024-10-03,908.23
2024-10-04,919.49
2024-10-07,923.74
2024-10-08,925.86
2024-10-09,933.62
2024-10-10,934.84
2024-10-11,931.26
2024-10-14,926.07
2024-10-15,928.37
2024-10-16,937.29
2024-10-17,941.3
2024-10-18,945.01
2024-10-21,946.99
2024-10-22,954.39
2024-10-23,949.0
2024-10-24,948.2
2024-10-25,945.29
2024-10-28,949.34
2024-10-29,945.88
2024-10-30,950.89
2024-11-04,961.29
2024-11-05,956.54
2024-11-06,954.9
2024-11-07,968.6
2024-11-08,950.99
2024-11-11,963.09
2024-11-12,980.47
2024-11-13,983.76
2024-11-14,981.61
2024-11-15,975.44
2024-11-18,974.51
2024-11-19,976.86
2024-11-20,973.21
2024-11-21,972.68
2024-11-22,971.29
2024-11-25,982.08
2024-11-26,976.89
2024-11-27,975.06
2024-11-28,975.41
2024-11-29,977.32
2024-12-02,977.66
2024-12-03,979.1
2024-12-04,972.75
2024-12-05,974.37
2024-12-06,971.65
2024-12-09,971.62
2024-12-10,969.92
2024-12-11,972.43
2024-12-12,975.81
2024-12-13,975.67
2024-12-16,983.25
2024-12-17,989.93
2024-12-18,990.87
2024-12-19,988.44
2024-12-20,996.35
2024-12-23,991.18
2024-12-24,992.78
2024-12-26,989.07
2024-12-27,990.95
2024-12-30,992.12
2025-01-02,996.46
2025-01-03,999.84
2025-01-06,1011.82
2025-01-07,1010.98
2025-01-08,1005.85
2025-01-09,1007.51
2025-01-10,1003.92
2025-01-13,1009.2
2025-01-14,1012.76
2025-01-15,1004.67
2025-01-16,1001.93
2025-01-17,1010.68
2025-01-20,1012.36
2025-01-21,1001.93
2025-01-22,1002.14
2025-01-23,995.22
2025-01-24,989.83
2025-01-27,982.95
2025-01-28,985.64
2025-01-29,992.07
2025-01-30,990.94
2025-01-31,988.1
2025-02-03,984.22
2025-02-04,987.12
2025-02-05,977.58
2025-02-06,969.47
2025-02-07,967.59
2025-02-10,960.6
2025-02-11,960.81
2025-02-12,961.89
2025-02-13,956.63
2025-02-14,949.52
2025-02-17,939.54
2025-02-18,947.13
2025-02-19,950.43
2025-02-20,951.78
2025-02-21,944.65
2025-02-24,942.52
2025-02-25,946.96
2025-02-26,940.99
2025-02-27,941.76
2025-02-28,951.21
2025-03-03,954.22
2025-03-04,953.11
2025-03-05,948.87
2025-03-06,936.7
2025-03-07,926.52
2025-03-10,928.25
2025-03-11,931.13
2025-03-12,937.45
2025-03-13,932.28
2025-03-14,940.2
2025-03-17,932.36
2025-03-18,923.32
2025-03-19,917.97
2025-03-20,917.76
2025-03-21,926.15
2025-03-24,932.14
2025-03-25,926.41
2025-03-26,919.92
2025-03-27,920.98
2025-03-28,931.75
2025-03-31,946.1
2025-04-01,953.07
2025-04-02,946.28
2025-04-03,949.83
2025-04-04,946.59
2025-04-07,975.82
2025-04-08,990.68
2025-04-09,993.89
2025-04-10,1000.01
2025-04-11,988.97
2025-04-14,978.09
2025-04-15,966.07
2025-04-16,967.15
2025-04-17,969.23
2025-04-21,968.71
2025-04-22,961.14
2025-04-23,950.04
2025-04-24,938.02
2025-04-25,937.81
2025-04-28,936.74
2025-04-29,937.54
2025-04-30,945.42
2025-05-02,955.67
2025-05-05,940.95
2025-05-06,940.18
2025-05-07,939.67
2025-05-08,945.44
2025-05-09,941.22
2025-05-12,933.26
2025-05-13,941.2
2025-05-14,940.18
2025-05-15,939.43
2025-05-16,940.25
2025-05-19,944.46
2025-05-20,936.69
2025-05-22,942.21
2025-05-23,944.84
2025-05-26,940.81
2025-05-27,938.28
2025-05-28,937.93
2025-05-29,940.21
2025-05-30,937.37
2025-06-02,941.97
2025-06-03,939.65
2025-06-04,941.53
2025-06-05,936.89
2025-06-06,930.79
2025-06-09,933.91
2025-06-10,937.09
2025-06-11,938.88
2025-06-12,936.36
2025-06-13,930.25
2025-06-16,937.78
2025-06-17,935.21
2025-06-18,939.29
2025-06-19,943.36
2025-06-23,947.03
2025-06-24,950.16
2025-06-25,937.89
2025-06-26,936.29
2025-06-27,930.67
2025-06-30,935.74
2025-07-01,933.42
2025-07-02,926.62
2025-07-03,926.51
2025-07-04,927.87
2025-07-07,932.34
2025-07-08,940.28
2025-07-09,945.39
2025-07-10,948.33
2025-07-11,950.43
2025-07-14,955.73
2025-07-15,967.22
2025-07-17,965.65
2025-07-18,966.78
2025-07-21,961.55
2025-07-22,956.65
2025-07-23,953.4
2025-07-24,948.93
2025-07-25,951.27
2025-07-28,957.82
2025-07-29,969.75
2025-07-30,970.09
2025-07-31,978.07
2025-08-01,976.8
2025-08-04,967.48
2025-08-05,964.28
2025-08-06,966.02
2025-08-07,976.42
2025-08-08,971.88
2025-08-11,965.64
2025-08-12,969.77
2025-08-13,962.28
2025-08-14,952.37
2025-08-18,961.84
2025-08-19,966.24
2025-08-20,963.57
2025-08-21,965.06
2025-08-22,968.63
2025-08-25,964.15
2025-08-26,962.51
2025-08-27,965.01
2025-08-28,968.64
2025-08-29,967.48
2025-09-01,965.28
2025-09-02,968.35
2025-09-03,974.13
2025-09-04,969.46
2025-09-05,971.22
2025-09-08,964.58
2025-09-09,967.07
2025-09-10,966.35
2025-09-11,962.73
2025-09-12,955.47
2025-09-15,954.58
2025-09-16,951.14
2025-09-17,948.57
2025-09-22,951.03
2025-09-23,954.72
2025-09-24,952.87
2025-09-25,953.24
2025-09-26,956.42
2025-09-29,958.9
2025-09-30,961.24
2025-10-01,962.39
2025-10-02,959.19
2025-10-03,961.54
2025-10-06,963.17
2025-10-07,963.09
2025-10-08,961.61
2025-10-09,951.45
2025-10-10,948.77
2025-10-13,954.37
2025-10-14,957.66
2025-10-15,963.69
2025-10-16,959.36
2025-10-17,956.13
2025-10-20,960.34
2025-10-21,953.21
2025-10-22,951.78
2025-10-23,950.46
2025-10-24,945.34
2025-10-27,943.47
2025-10-28,938.19
2025-10-29,941.63
2025-10-30,940.57
2025-11-03,943.69
2025-11-04,940.53
2025-11-05,945.13
2025-11-06,945.6
2025-11-07,940.84
2025-11-10,946.24
2025-11-11,940.85
2025-11-12,936.89
2025-11-13,932.37
2025-11-14,925.63
2025-11-17,932.63
2025-11-18,919.82
2025-11-19,929.26
2025-11-20,931.36
2025-11-21,929.0
2025-11-24,937.36
2025-11-25,939.57
2025-11-26,937.15
2025-11-27,930.89
2025-11-28,929.14
2025-12-01,928.16
2025-12-02,927.95
2025-12-03,925.37
2025-12-04,919.46
2025-12-05,918.15
2025-12-09,920.02
2025-12-10,926.89
2025-12-11,923.99
2025-12-12,916.9
2025-12-15,912.66
2025-12-16,912.03
2025-12-17,913.74
2025-12-18,917.45
2025-12-19,914.99
2025-12-22,909.9
2025-12-23,908.4
2025-12-24,906.44
2025-12-26,905.04
2025-12-29,904.54
2025-12-30,911.18
2026-01-02,907.13
2026-01-05,901.55
2026-01-06,905.14
2026-01-07,896.82
2026-01-08,895.33
2026-01-09,896.89
2026-01-12,895.54
2026-01-13,885.71
2026-01-14,883.96
2026-01-15,882.74
2026-01-16,884.57
2026-01-19,887.01
2026-01-20,888.66
2026-01-21,889.54
2026-01-22,878.21
2026-01-23,872.22
2026-01-26,870.71
2026-01-27,862.98
2026-01-28,862.17
2026-01-29,857.95
2026-01-30,858.45
2026-02-02,865.1
2026-02-03,868.52
2026-02-04,859.53
2026-02-05,857.59
2026-02-06,865.67
2026-02-09,859.66
2026-02-10,854.25
2026-02-11,856.06
2026-02-12,856.38
2026-02-13,854.41
2026-02-16,863.5
2026-02-17,862.91
2026-02-18,868.24
2026-02-19,863.29
2026-02-20,866.74
2026-02-23,867.13
2026-02-24,867.29
2026-02-25,865.36
